{
  "tags": [
    {
      "ID": 15,
      "pose": {
        "translation": {
          "x": 16.4989764,
          "y": 4.3124882,
          "z": 0.55245
        },
        "rotation": {
          "quaternion": {
            "W": 6.123233995736766e-17,
            "X": 0.0,
            "Y": 0.0,
            "Z": 1.0
          }
        }
      }
    },
    {
      "ID": 16,
      "pose": {
        "translation": {
          "x": 16.4989764,
          "y": 3.8806881999999994,
          "z": 0.55245
        },
        "rotation": {
          "quaternion": {
            "W": 6.123233995736766e-17,
            "X": 0.0,
            "Y": 0.0,
            "Z": 1.0
          }
        }
      }
    },
    {
      "ID": 31,
      "pose": {
        "translation": {
          "x": 0.0140462,
          "y": 3.7301932,
          "z": 0.55245
        },
        "rotation": {
          "quaternion": {
            "W": 1.0,
            "X": 0.0,
            "Y": 0.0,
            "Z": 0.0
          }
        }
      }
    },
    {
      "ID": 32,
      "pose": {
        "translation": {
          "x": 0.0140462,
          "y": 4.1619931999999995,
          "z": 0.55245
        },
        "rotation": {
          "quaternion": {
            "W": 1.0,
            "X": 0.0,
            "Y": 0.0,
            "Z": 0.0
          }
        }
      }
    }
  ],
  "field": {
    "length": 16.518,
    "width": 8.043
  }
}
