{
  "tags": [
    {
      "ID": 13,
      "pose": {
        "translation": {
          "x": 16.499332,
          "y": 7.391907999999999,
          "z": 0.55245
        },
        "rotation": {
          "quaternion": {
            "W": 6.123233995736766e-17,
            "X": 0.0,
            "Y": 0.0,
            "Z": 1.0
          }
        }
      }
    },
    {
      "ID": 14,
      "pose": {
        "translation": {
          "x": 16.499332,
          "y": 6.960107999999999,
          "z": 0.55245
        },
        "rotation": {
          "quaternion": {
            "W": 6.123233995736766e-17,
            "X": 0.0,
            "Y": 0.0,
            "Z": 1.0
          }
        }
      }
    },
    {
      "ID": 29,
      "pose": {
        "translation": {
          "x": 0.0136906,
          "y": 0.6507734,
          "z": 0.55245
        },
        "rotation": {
          "quaternion": {
            "W": 1.0,
            "X": 0.0,
            "Y": 0.0,
            "Z": 0.0
          }
        }
      }
    },
    {
      "ID": 30,
      "pose": {
        "translation": {
          "x": 0.0136906,
          "y": 1.0825734,
          "z": 0.55245
        },
        "rotation": {
          "quaternion": {
            "W": 1.0,
            "X": 0.0,
            "Y": 0.0,
            "Z": 0.0
          }
        }
      }
    }
  ],
  "field": {
    "length": 16.518,
    "width": 8.043
  }
}
