{
  "tags": [
    {
      "ID": 13,
      "pose": {
        "translation": {
          "x": 16.5333172,
          "y": 7.4033126,
          "z": 0.55245
        },
        "rotation": {
          "quaternion": {
            "W": 6.123233995736766e-17,
            "X": 0.0,
            "Y": 0.0,
            "Z": 1.0
          }
        }
      }
    },
    {
      "ID": 14,
      "pose": {
        "translation": {
          "x": 16.5333172,
          "y": 6.9715126,
          "z": 0.55245
        },
        "rotation": {
          "quaternion": {
            "W": 6.123233995736766e-17,
            "X": 0.0,
            "Y": 0.0,
            "Z": 1.0
          }
        }
      }
    },
    {
      "ID": 29,
      "pose": {
        "translation": {
          "x": 0.0077469999999999995,
          "y": 0.6659626,
          "z": 0.55245
        },
        "rotation": {
          "quaternion": {
            "W": 1.0,
            "X": 0.0,
            "Y": 0.0,
            "Z": 0.0
          }
        }
      }
    },
    {
      "ID": 30,
      "pose": {
        "translation": {
          "x": 0.0077469999999999995,
          "y": 1.0977626,
          "z": 0.55245
        },
        "rotation": {
          "quaternion": {
            "W": 1.0,
            "X": 0.0,
            "Y": 0.0,
            "Z": 0.0
          }
        }
      }
    }
  ],
  "field": {
    "length": 16.541,
    "width": 8.069
  }
}
