{
  "tags": [
    {
      "ID": 15,
      "pose": {
        "translation": {
          "x": 16.5329616,
          "y": 4.3235626,
          "z": 0.55245
        },
        "rotation": {
          "quaternion": {
            "W": 6.123233995736766e-17,
            "X": 0.0,
            "Y": 0.0,
            "Z": 1.0
          }
        }
      }
    },
    {
      "ID": 16,
      "pose": {
        "translation": {
          "x": 16.5329616,
          "y": 3.8917626,
          "z": 0.55245
        },
        "rotation": {
          "quaternion": {
            "W": 6.123233995736766e-17,
            "X": 0.0,
            "Y": 0.0,
            "Z": 1.0
          }
        }
      }
    },
    {
      "ID": 31,
      "pose": {
        "translation": {
          "x": 0.0080772,
          "y": 3.7457125999999996,
          "z": 0.55245
        },
        "rotation": {
          "quaternion": {
            "W": 1.0,
            "X": 0.0,
            "Y": 0.0,
            "Z": 0.0
          }
        }
      }
    },
    {
      "ID": 32,
      "pose": {
        "translation": {
          "x": 0.0080772,
          "y": 4.1775126,
          "z": 0.55245
        },
        "rotation": {
          "quaternion": {
            "W": 1.0,
            "X": 0.0,
            "Y": 0.0,
            "Z": 0.0
          }
        }
      }
    }
  ],
  "field": {
    "length": 16.541,
    "width": 8.069
  }
}
